gene_id,median_normal,median_tumor,shapiro_norm_pval,shapiro_tumor_pval,conj_shapiro,mannwhitney_pval,medians_equal_mw,wilcoxon_pval,medians_equal_wilcoxon,conj_tests
0,0.0112,0.1286,5.466923654294512e-51,2.709821146152092e-27,False,2.7648191719621005e-87,False,,False,False
1,11.36,3.7981,2.5107755705088288e-24,2.4129578626376207e-10,False,4.5379976816411725e-52,False,,False,False
2,1.636,22.0275,1.0438062605168692e-46,4.047701305472023e-06,False,7.631712336248576e-103,False,,False,False
3,0.0,0.0,1.0911180067155328e-61,2.0235748722084232e-19,False,3.198114516228516e-13,False,,False,False
4,0.0966,0.5256,7.914445514912313e-46,1.751378037852905e-27,False,1.0105094511304818e-80,False,,False,False
5,0.1338,2.2744,1.0901643244242046e-48,1.284587946441581e-16,False,8.289873724971395e-103,False,,False,False
6,0.0,0.0694,1.3844095599901052e-71,2.4362833618005297e-16,False,1.4572583518201454e-223,False,,False,False
7,0.0,0.329,1.7422755726707223e-64,3.475983898169641e-23,False,1.9009024244994824e-177,False,,False,False
8,0.3711,1.9785,2.317899503336278e-37,2.1938957695228328e-16,False,2.0095383710166145e-87,False,,False,False
9,0.0,0.0774,1.2629108975487651e-68,1.8804478873246576e-16,False,1.1893208457513957e-99,False,,False,False
10,0.0,1.9151,3.793542954873954e-52,5.44913187009907e-18,False,4.97966456195731e-118,False,,False,False
11,6.358,1.3175,2.998988549051193e-43,2.9311690111157206e-14,False,2.426196327922669e-68,False,,False,False
12,1.67,2.8887,6.823521399443022e-40,1.8871403089476477e-07,False,6.459074185933966e-23,False,,False,False
13,0.0207,0.8104,9.17163220675598e-49,3.047212547905789e-12,False,2.50200079167335e-112,False,,False,False
14,0.5443,8.6415,9.057831373857294e-42,5.248787464085838e-20,False,8.004925825241704e-105,False,,False,False
15,0.0214,0.2809,4.492774438445521e-53,2.815190606008426e-26,False,3.193560873052803e-100,False,,False,False
16,0.0613,0.3504,2.343900001209828e-46,1.237402914137243e-25,False,4.417551026963829e-60,False,,False,False
17,1.021,5.5345,1.3419553177742966e-30,0.0015123178552418342,False,1.4686583708747987e-99,False,,False,False
18,4.804,64.1422,9.349059624786364e-44,6.754527498676442e-10,False,2.31973421897687e-86,False,,False,False
19,1.758,1.5986,1.8570517979427237e-27,2.2671803122464913e-14,False,0.18258240468275067,True,,False,False
20,0.479,13.7645,8.207528502538891e-38,2.874513668747481e-10,False,7.587026110567838e-105,False,,False,False
21,0.1766,11.0879,2.0608909569487684e-50,1.5268890481769158e-06,False,6.409029670474469e-105,False,,False,False
22,0.0135,0.056,4.0479778617993226e-52,1.032026177852171e-18,False,4.5847794728332114e-20,False,,False,False
23,0.0125,0.8526,4.180523702789337e-54,1.8424301276634788e-23,False,3.289909649382816e-108,False,,False,False
24,0.285,1.8834,7.220224876445653e-52,1.7064835771159115e-25,False,4.5514464824781534e-85,False,,False,False
25,0.5504,5.8119,3.6522608275058285e-48,5.579735812293474e-26,False,1.2047398295518296e-67,False,,False,False
26,0.0,2.4625,3.495281007970137e-57,5.944164476617804e-08,False,5.1276003933400446e-141,False,,False,False
27,0.0,0.0,8.57904729516918e-56,3.0083924770859266e-19,False,0.06565650325110035,True,,False,False
28,0.0414,1.0458,6.002930776536745e-51,2.16371132014671e-24,False,6.13233062174387e-111,False,,False,False
29,0.2402,1.6674,4.6934986572889747e-38,7.302375216262354e-15,False,2.342742753339993e-96,False,,False,False
30,0.0,0.1455,2.3776249393391357e-56,9.082079104911457e-27,False,4.4022467721135306e-37,False,,False,False
31,0.1708,0.4499,1.634232820325448e-36,6.81562859942858e-16,False,2.228992885093097e-38,False,,False,False
32,0.1479,0.2937,3.6666689738741824e-59,2.5816984201578682e-25,False,1.3026511388899061e-20,False,,False,False
33,0.5534,5.5316,2.887925776680122e-27,1.1253208898149275e-14,False,1.7597796115331333e-103,False,,False,False
34,0.0402,3.6549,6.497586185600307e-50,2.585457649740871e-10,False,1.5841433087029095e-105,False,,False,False
35,0.0925,3.8873,4.486109838179739e-51,1.7267119479403143e-18,False,8.046186420817714e-106,False,,False,False
36,0.0,1.5737,2.3204540984411166e-55,2.507175666620405e-15,False,6.975271281770939e-130,False,,False,False
37,0.2289,1.666,1.2984890523762337e-48,4.93163978980013e-13,False,8.525282518704913e-88,False,,False,False
38,0.0385,0.1321,9.110923317195469e-51,2.0450890425752204e-27,False,3.272573506606748e-08,False,,False,False
39,0.065,1.1087,3.3761459459514247e-43,3.0825687932753484e-21,False,6.71103035833714e-105,False,,False,False
40,0.1504,0.4824,1.109067693475313e-46,1.6151324677505214e-18,False,2.8636071587876477e-39,False,,False,False
41,0.0838,2.3097,8.681425644878758e-42,2.5183425102726124e-16,False,6.3940446665113155e-106,False,,False,False
42,0.1624,0.8107,3.874617387005929e-38,4.8335034658041015e-05,False,2.6701214334968413e-84,False,,False,False
43,0.019,0.3677,2.1320010442635768e-52,1.6233410505619756e-19,False,8.188893826366627e-98,False,,False,False
44,0.0804,2.7026,3.2431351605591893e-47,4.801035746943793e-15,False,8.927367656273225e-106,False,,False,False
45,0.248,0.8654,1.5311030017666312e-39,1.7455843000454977e-23,False,3.114926780246233e-64,False,,False,False
46,0.0,0.1699,3.5491647442327056e-71,2.2989249332709598e-23,False,4.025736803970306e-113,False,,False,False
47,5.679,7.0942,3.042480762534302e-38,1.0218527949765665e-11,False,0.014218486630847644,False,,False,False
48,0.0604,2.7437,1.6014244537399365e-47,9.473624635488677e-08,False,1.2069805740752348e-105,False,,False,False
49,0.173,2.7975,5.327438844020871e-43,6.258933699067391e-09,False,1.1982267960798594e-104,False,,False,False
50,0.3277,1.3911,4.179549505287658e-45,1.3172585071513133e-09,False,4.341576320207183e-77,False,,False,False
51,0.0426,1.5704,8.629226475936215e-50,9.125237536040779e-06,False,3.850936797504757e-109,False,,False,False
52,0.0356,0.205,1.1024201219821736e-48,1.285699789924995e-21,False,2.1595191470824903e-33,False,,False,False
53,0.5032,0.0,1.2783674926422018e-43,1.0,False,2.7269373733231554e-104,False,,False,False
54,1.213,0.0,1.1751121828994942e-36,1.0,False,1.7171221711247358e-104,False,,False,False
55,0.1432,3.3874,1.4265764062143288e-40,9.121260996783458e-10,False,2.428591411488337e-105,False,,False,False
56,0.0124,0.7407,5.443441646509751e-56,1.5027783147585973e-12,False,6.438984118157447e-113,False,,False,False
57,0.044,1.2346,2.2071384324311515e-60,1.3913533242187734e-16,False,3.265568032582678e-107,False,,False,False
58,0.0469,1.6035,1.837448486618038e-50,6.1080053342578e-06,False,4.192063622686945e-107,False,,False,False
59,4.558,0.0808,1.3041212420363357e-37,2.45045005421717e-12,False,1.42785040153616e-104,False,,False,False
60,0.1907,5.4091,2.722530803157703e-40,2.1988849013625804e-14,False,5.791649058082302e-105,False,,False,False
61,0.3768,2.2589,1.2983598281816882e-35,6.595816598933248e-25,False,1.7652427441628658e-87,False,,False,False
62,0.0,0.7781,5.464301722660937e-52,3.6993149774340056e-17,False,1.4398447370237465e-115,False,,False,False
63,0.0985,0.9298,4.931417698849533e-45,0.0001930531758888494,False,8.220422405666164e-85,False,,False,False
64,0.0067,0.0904,7.965088922402857e-60,2.755104263394437e-15,False,4.504879720121889e-81,False,,False,False
65,0.0,1.0498,3.492137022021858e-55,5.440038555880899e-21,False,3.1864731244890845e-138,False,,False,False
66,0.014,0.589,2.9403814841084734e-50,4.106911221427165e-18,False,1.4695591214146928e-113,False,,False,False
67,1.756,9.5665,3.977316076848564e-39,2.820434318552039e-20,False,1.3939320199753313e-65,False,,False,False
68,0.0,0.6666,2.5578632189062626e-56,1.1648810658535929e-18,False,4.305956675397202e-109,False,,False,False
69,0.0766,1.8985,3.695677784166321e-41,9.78970506730295e-08,False,6.108091939565041e-105,False,,False,False
70,0.0,0.0,1.1568119947073105e-55,1.0,False,1.5685926322226518e-19,False,,False,False
71,0.4093,0.2786,2.519146043330419e-36,1.9518570100904369e-25,False,4.83617984778015e-07,False,,False,False
72,0.3607,0.1044,1.4035643781146073e-39,6.321267794553218e-17,False,2.281818976789032e-34,False,,False,False
73,0.6408,1.6371,5.91069233069019e-41,5.553359787898883e-18,False,1.451249015881991e-41,False,,False,False
74,0.2092,0.9079,2.0114814411634974e-36,1.1672614690774079e-17,False,9.009099474757484e-74,False,,False,False
75,0.009,0.0581,7.0563214243788e-55,4.977074490397435e-26,False,4.221238809558663e-38,False,,False,False
76,0.0242,1.8321,9.429792296931452e-55,3.8299662484890603e-10,False,2.192393184590094e-106,False,,False,False
77,0.0365,0.5939,7.48233985522305e-53,2.2730374278325274e-14,False,5.01671313812033e-78,False,,False,False
78,0.0,0.3393,1.0703894857039907e-54,8.05880207332617e-27,False,6.65818315238963e-92,False,,False,False
79,0.4505,17.5652,6.745393269252985e-45,2.7431955047566165e-11,False,7.611236578096648e-105,False,,False,False
80,0.1727,2.877,4.306615302440506e-49,7.002614701372567e-25,False,2.357054452731805e-103,False,,False,False
81,2.575,1.5624,4.582835642139889e-32,3.217956949496532e-16,False,7.370953042628221e-08,False,,False,False
82,1.453,5.8491,8.565179119060855e-39,9.853130649919878e-05,False,6.2629984557087395e-93,False,,False,False
83,0.0,0.9438,1.3116219793694664e-52,2.217559355526834e-21,False,2.185326787282619e-124,False,,False,False
84,0.1218,0.4257,8.485902418696068e-43,7.049686519661852e-17,False,2.5096053736797283e-42,False,,False,False
85,0.1698,0.5479,1.3751297815859589e-52,1.396292476719468e-26,False,1.1401622184463408e-43,False,,False,False
86,16.93,78.4366,2.915900760495059e-31,3.809076427211628e-05,False,2.9177285649097604e-101,False,,False,False
87,0.1014,5.518,3.320648717574482e-51,1.2244316523224367e-07,False,1.1172172411170965e-108,False,,False,False
88,0.0,0.1511,2.6072677476575337e-50,2.5010126130299066e-22,False,8.607797560991077e-16,False,,False,False
89,0.0,0.0735,2.3750354633166293e-61,9.286067867152465e-22,False,5.6660303313292665e-81,False,,False,False
90,0.0,0.6636,6.652667886103725e-60,4.176355075454668e-12,False,4.724465668555376e-112,False,,False,False
91,0.0,0.3085,9.410369850154981e-57,1.2535268200959681e-26,False,2.596134473398713e-95,False,,False,False
92,0.1492,0.3907,4.165010182733985e-50,8.85696929572513e-28,False,8.965673524144363e-32,False,,False,False
93,0.0168,0.0596,1.039111210910935e-58,2.9274896385680004e-15,False,2.0890968700024688e-09,False,,False,False
94,0.0147,0.1533,7.393578656289638e-64,6.525342932371119e-16,False,1.205346582942099e-53,False,,False,False
95,0.0,0.0,7.875940223232385e-59,4.932657219261929e-24,False,4.1778580218446887e-13,False,,False,False
96,0.0,0.2067,8.458229983082577e-62,1.6641703826631155e-17,False,1.6461620244236593e-124,False,,False,False
97,0.1725,4.7595,1.989401562830562e-38,4.8285443739474396e-14,False,7.563708307658998e-105,False,,False,False
98,0.0475,3.4707,2.7641364827889377e-53,4.813319237840286e-12,False,2.529970176065642e-105,False,,False,False
99,0.0936,4.8013,1.6822632777189238e-49,0.02471062643911338,False,1.9565420433363666e-106,False,,False,False
100,0.3446,3.2038,3.0300880651171677e-54,1.4004560985795522e-11,False,2.382064005151109e-98,False,,False,False
101,0.0,0.321,8.36817774697948e-53,4.86845313146716e-24,False,1.875304433892176e-112,False,,False,False
102,0.3829,0.4578,2.1474389324796272e-38,7.385685042923224e-26,False,0.0030125700597163317,False,,False,False
103,0.0,0.0,5.067053042042885e-61,1.416809076320311e-22,False,0.0006648926243153322,False,,False,False
104,0.0,0.3032,9.859673539961684e-51,1.205280491781159e-15,False,7.131536562418652e-87,False,,False,False
105,0.0705,0.7927,4.687734636028055e-47,2.6002469413974702e-17,False,1.9552529539560564e-98,False,,False,False
106,0.0,0.2468,2.108111778533485e-66,2.5230405734208018e-24,False,7.055194920297869e-139,False,,False,False
107,0.0,0.0839,1.7651736039032117e-62,7.147379643637905e-14,False,8.233826730678783e-116,False,,False,False
108,0.1124,0.0282,3.4692297342665866e-42,6.716189775833711e-21,False,1.1375838814012145e-18,False,,False,False
109,0.0,0.9693,1.1087847633419508e-54,3.272021143267243e-26,False,3.891114531333112e-104,False,,False,False
110,0.141,0.1386,4.704190883712159e-34,2.4520865940413977e-28,False,0.4636824232115787,True,,False,False
111,1.973,18.9285,3.210039735456596e-36,2.681583380628431e-09,False,1.3713605639293855e-104,False,,False,False
112,0.4091,4.6736,1.0409628494293395e-34,0.0014733682926876476,False,3.845865473514663e-104,False,,False,False
113,0.1043,0.3315,1.950473313935639e-49,1.3419918413719236e-26,False,1.0269458531984896e-23,False,,False,False
114,0.3722,1.3816,6.049812305121885e-35,1.171501506350874e-13,False,9.015173539422168e-69,False,,False,False
115,0.0609,0.4944,4.496896005573959e-46,3.56888327588531e-27,False,5.5092218944759075e-65,False,,False,False
116,0.3114,0.6398,7.728264212516806e-39,3.24879696255143e-17,False,2.905571610119262e-29,False,,False,False
117,0.0143,0.6264,4.937848490029105e-52,1.907338429735601e-10,False,3.0025773946123026e-112,False,,False,False
118,2.971,4.7461,2.4790001709138744e-35,3.1506213106092966e-14,False,1.456671217458311e-16,False,,False,False
119,1.274,7.7078,3.7803645507085667e-62,1.887267302229742e-09,False,3.3389659622486743e-103,False,,False,False
120,0.0937,0.2907,1.1650942903484541e-36,2.4681723578728903e-26,False,5.483643330927774e-35,False,,False,False
121,0.1696,0.197,4.317721296663884e-41,4.396586714204967e-21,False,0.24339322333146762,True,,False,False
122,5.342,1.8931,1.9586431619648583e-24,2.762770676438259e-07,False,2.6711475828344436e-77,False,,False,False
123,0.0,0.0387,4.420534451193784e-70,1.1099403043280105e-22,False,8.304846127298396e-135,False,,False,False
124,0.0277,0.8428,1.232059953003192e-52,1.3568821044436285e-20,False,5.7908662547103426e-108,False,,False,False
125,0.0,0.048,1.6786358882250623e-60,2.1181426787795087e-20,False,1.03337491173958e-32,False,,False,False
126,0.0,1.0188,3.124770312807599e-61,2.3241926062257748e-10,False,2.1166896340913757e-172,False,,False,False
127,0.6639,3.1619,2.1547496899252006e-36,7.281615475177213e-10,False,2.9813969193704597e-102,False,,False,False
128,0.0,0.0,3.575409482015304e-65,9.356427516679053e-26,False,6.454791651536113e-14,False,,False,False
129,0.051,0.3866,7.735078593609704e-41,1.159396784080039e-21,False,2.4448088549854828e-98,False,,False,False
130,0.0,0.0,5.361349968910534e-62,1.0312594179653404e-22,False,0.029292719680168354,False,,False,False
131,1.611,44.3991,1.3147241144851834e-46,8.472443197016541e-06,False,8.093683276156696e-105,False,,False,False
132,0.0774,0.7424,3.8743991297555753e-53,5.082899605505855e-12,False,1.0550115499046862e-82,False,,False,False
133,6.39,187.3755,1.5308000106789526e-45,3.419103518999079e-14,False,7.600491139286888e-105,False,,False,False
134,0.0255,0.1509,3.666691735021144e-49,5.128336913206591e-14,False,3.8231615897903645e-48,False,,False,False
135,0.0434,1.4704,2.984088452524068e-43,3.723512303186401e-11,False,4.051592279354721e-105,False,,False,False
136,0.0855,0.3836,5.534402423393631e-47,5.958564855302246e-10,False,2.464545905877743e-53,False,,False,False
137,0.0,0.0857,3.089798740977089e-62,5.133551860425784e-14,False,1.1285339501243633e-111,False,,False,False
138,0.0,0.1487,3.0745858967405768e-59,2.007542522134148e-22,False,3.8767068934052955e-93,False,,False,False
139,0.0662,0.1336,5.539645956468008e-46,3.307386131722769e-25,False,7.487270258526514e-15,False,,False,False
140,0.1452,0.7385,2.4604416774998903e-45,7.66166457575982e-19,False,3.200944280295474e-57,False,,False,False
141,0.0,2.0898,1.1891264016375536e-54,1.282240791568096e-10,False,1.660339364451082e-110,False,,False,False
142,0.015,0.0942,5.50067603826427e-51,1.7995804883244232e-24,False,4.115485290869648e-48,False,,False,False
143,0.4469,0.4138,1.9295640462942277e-44,1.3181134449569537e-26,False,0.026488730409043974,False,,False,False
144,0.0,0.1327,8.027968797537571e-62,2.9026962821301197e-18,False,2.1872951975072386e-131,False,,False,False
145,0.0,0.0,1.4421664463611387e-68,1.7080743123106237e-25,False,4.575716039557254e-08,False,,False,False
146,0.0552,0.3963,2.0655965647782776e-43,5.437265269634496e-27,False,1.3132722500662217e-81,False,,False,False
147,4.608,15.9383,9.307831073405202e-41,1.7593396250387705e-10,False,8.895831282547899e-83,False,,False,False
148,0.0,0.0,1.5821398958949683e-67,1.5986031881877192e-17,False,3.9724894281517276e-52,False,,False,False
149,0.0,0.3853,1.0380963031150205e-53,4.3585931477513253e-10,False,3.4472482619829474e-117,False,,False,False
150,0.0,0.0,1.030064289791668e-70,1.9656959308295757e-21,False,9.179745939341673e-120,False,,False,False
151,0.0,0.7756,3.6426945198719797e-62,1.4424853379215929e-24,False,7.232669002310276e-170,False,,False,False
152,0.0,0.2395,1.2474977515497727e-60,1.7300782775911435e-11,False,2.1533146455059393e-128,False,,False,False
153,0.0171,0.0775,5.313552177736379e-53,3.9550629540425814e-27,False,1.2090216610408782e-52,False,,False,False
154,0.1698,3.1758,1.2081904785850908e-49,1.6990368497347468e-24,False,1.7170330590602473e-104,False,,False,False
155,0.2406,1.2405,2.673773172260967e-40,2.4383304640599306e-26,False,5.962278103145896e-61,False,,False,False
156,0.9544,0.874,1.7666051702978955e-34,3.969349083830761e-23,False,0.2555720877031189,True,,False,False
157,0.2067,17.9341,8.798303319910836e-49,3.2023538684650975e-08,False,2.1614163290626137e-110,False,,False,False
158,0.5164,25.3914,1.2821445203282667e-63,2.4834033249642487e-17,False,1.060875887605261e-104,False,,False,False
159,0.2415,5.9314,2.8291650805038134e-40,4.567448472822351e-16,False,8.34686198508936e-105,False,,False,False
160,0.0,0.2322,3.764120467346875e-67,2.8625110128396985e-16,False,1.4677263454360093e-191,False,,False,False
161,5.84,0.0,5.31516160181683e-22,1.0,False,6.7977148319158554e-105,False,,False,False
162,0.2217,0.4378,2.785940585523124e-51,1.4230631457825397e-27,False,7.46846617721989e-16,False,,False,False
163,0.1023,7.9881,9.594873813431212e-46,9.895124871380481e-11,False,4.377036785691934e-111,False,,False,False
164,0.2841,6.8253,1.039867906040793e-44,1.7232321294187335e-07,False,7.978982429475071e-105,False,,False,False
165,0.0,1.2869,6.488773234568113e-61,7.678051116460834e-18,False,2.8742089359359228e-148,False,,False,False
166,0.1783,0.256,3.866199344158332e-40,3.1622332908382285e-22,False,0.027959501433572648,False,,False,False
167,0.0,0.3987,1.5409233597652251e-58,2.5594723904926527e-26,False,6.679158956195843e-115,False,,False,False
168,0.0,0.2537,8.163229446441655e-62,3.0367521209525964e-05,False,2.501935150823407e-159,False,,False,False
169,1.249,15.6286,1.81622135452118e-39,1.0466712506816766e-07,False,1.1020689017961418e-104,False,,False,False
170,0.0,0.2974,1.25923656813074e-56,2.5243012959061397e-20,False,6.425497802241985e-119,False,,False,False
171,2.564,5.0626,1.2126029224514388e-28,1.4446706250895497e-16,False,4.15987547337276e-51,False,,False,False
172,0.0098,0.0455,1.248518014200143e-52,4.104646870445428e-28,False,8.795974467908543e-11,False,,False,False
173,0.4189,0.9963,6.984313009095308e-49,5.014218436745279e-19,False,7.020396216052678e-42,False,,False,False
174,0.0,0.0,1.9981197671721663e-66,2.949123730962878e-25,False,6.128577502551387e-05,False,,False,False
175,0.1533,0.2411,6.908202989963183e-49,1.8513441745341475e-15,False,0.0016617660714639056,False,,False,False
176,0.1021,0.3389,1.6308012770520774e-38,3.2564201857812736e-27,False,6.89854060829048e-61,False,,False,False
177,0.0,0.5742,1.363474279277412e-58,1.1184961244259998e-25,False,4.630376618688715e-143,False,,False,False
178,0.3494,6.0518,5.114802350002876e-47,0.0017248304137721297,False,3.1903063588262145e-104,False,,False,False
179,0.0428,0.7121,1.3401130328697884e-49,4.339644181242063e-20,False,5.227766522938231e-102,False,,False,False
180,0.114,0.2114,1.4953751863043354e-44,2.1462630652434871e-26,False,6.339514653735067e-15,False,,False,False
181,0.0,0.0,8.915573860995683e-62,1.192078675321902e-27,False,0.2943439535659671,True,,False,False
182,0.2716,1.6176,3.635720212860507e-40,2.8416087943081232e-14,False,9.046454452975991e-87,False,,False,False
183,0.0,0.0647,7.981617060686819e-63,2.700812006962136e-22,False,1.2954190787433847e-109,False,,False,False
184,0.0,0.1778,7.382341103264541e-57,1.1845269063669831e-27,False,9.015962485484845e-36,False,,False,False
185,0.384,0.0,8.211463116970317e-45,1.0,False,1.2101764160510728e-94,False,,False,False
186,0.4724,0.3929,9.602700057671581e-55,2.1943071982153192e-27,False,0.0033070392862579786,False,,False,False
187,0.0,0.3127,5.441566542545757e-60,6.320515382291879e-25,False,5.029915401237136e-111,False,,False,False
188,0.3372,1.0022,4.997987072616224e-34,2.865953110842233e-15,False,7.157562608345799e-71,False,,False,False
189,0.4351,0.1129,1.572476111056541e-54,4.902269785327687e-26,False,3.6172521420370006e-35,False,,False,False
190,0.0,0.0,2.0741197607645977e-68,6.692235438298107e-20,False,3.365726741634494e-35,False,,False,False
191,1.559,4.1618,1.8177396194742637e-37,1.4240337924485828e-18,False,1.6996114697091402e-50,False,,False,False
192,0.0,0.0,4.438102699081689e-69,2.9464100716753607e-28,False,1.523456649621968e-05,False,,False,False
193,0.8923,1.3601,1.5150477670193502e-35,6.729273388272769e-12,False,3.025461923057428e-10,False,,False,False
194,0.1291,0.1353,2.448680135984155e-41,1.3386043361199177e-18,False,0.06632538113400865,True,,False,False
195,1.275,0.0,1.520332317529258e-41,5.06830312584332e-25,False,3.9307400222167615e-104,False,,False,False
196,0.2689,0.5672,3.3912165639514805e-51,1.3174662456976476e-19,False,3.0267045883152186e-12,False,,False,False
197,0.1534,0.4741,5.417430206095754e-42,3.058864781646471e-17,False,6.529768184051293e-46,False,,False,False
198,0.0,0.2592,1.21527566146367e-51,1.5130209440592115e-25,False,1.6098881824373057e-32,False,,False,False
199,1.035,1.2547,4.588464371276215e-44,9.500162046561348e-17,False,0.0012308152399927192,False,,False,False
200,0.0,0.0,4.707641791841435e-57,1.0,False,1.4420532288530657e-22,False,,False,False
201,0.3274,0.4342,2.3885126992282055e-46,2.497722348469199e-23,False,4.4173247972161137e-07,False,,False,False
202,0.0,0.0,7.131732536648883e-73,7.96142761859619e-27,False,1.1100380439643022e-12,False,,False,False
203,0.0,5.9827,7.32054510005385e-73,2.467456183874869e-12,False,0.0,False,,False,False
204,0.0,0.3479,1.0522671083097496e-66,1.24475138098227e-25,False,7.029703373755011e-135,False,,False,False
205,0.0,0.9348,5.796446066624318e-59,3.486711730366046e-25,False,3.610857908903449e-145,False,,False,False
206,0.0,0.0,5.463496171743723e-71,9.094404431718136e-24,False,4.8294758602332684e-18,False,,False,False
207,0.0881,1.767,3.149745587511647e-38,8.365308780007493e-22,False,1.8912446877844612e-104,False,,False,False
208,0.2393,0.6387,3.236124807768599e-42,2.309598869703394e-13,False,5.558833785119761e-35,False,,False,False
209,0.5143,24.7537,1.7062532129488123e-41,6.562031560326845e-15,False,7.600403634254147e-105,False,,False,False
210,0.0,0.0411,5.572148793531734e-66,9.671103845424905e-11,False,8.176684965879958e-109,False,,False,False
211,0.1747,0.1863,2.083690385378658e-46,1.3316791843835063e-26,False,0.8879241798625552,True,,False,False
212,0.0415,1.967,2.6225961460020065e-50,5.665872464316675e-18,False,5.180492309073631e-106,False,,False,False
213,1.733,5.1873,6.678842219540962e-41,7.3162843340471465e-09,False,1.714953155806236e-70,False,,False,False
214,0.0561,0.0599,4.764593566265164e-40,3.7054578813124525e-28,False,0.5697082164126572,True,,False,False
215,0.0357,0.7777,9.524110408090656e-52,7.571254873690769e-09,False,2.724677436406627e-103,False,,False,False
216,0.0,0.0601,3.157812259941053e-67,3.955061395645176e-14,False,6.474347698822585e-121,False,,False,False
217,0.0396,0.087,1.1241124219883372e-43,9.906593223550573e-28,False,1.5925898385788782e-19,False,,False,False
218,0.0767,4.2212,1.453699497614097e-46,0.0001223728509969765,False,1.5043813865465124e-107,False,,False,False
219,0.301,1.6397,6.0810393682751414e-55,2.7636167823206027e-16,False,8.05252523836435e-68,False,,False,False
220,0.1031,0.3867,3.001178970285764e-49,2.594280064391874e-25,False,5.257062436254914e-41,False,,False,False
221,0.0,0.0,3.609541134002954e-64,1.0,False,3.0176523425674247e-07,False,,False,False
222,0.1597,15.6904,1.143212058037154e-47,3.623825859867665e-05,False,1.806844895239744e-105,False,,False,False
223,0.0,0.1936,1.6100701725028962e-65,3.468805361421897e-26,False,8.842178591619416e-194,False,,False,False
224,0.0,0.1392,5.055466470744693e-65,1.9736241124557226e-09,False,6.666522711488416e-133,False,,False,False
225,0.0,0.0,1.0753059550539396e-71,8.314956394407163e-28,False,1.1393825321501134e-08,False,,False,False
226,0.9021,1.5591,9.308099046904433e-47,2.4071777076168307e-18,False,1.7357662359089774e-21,False,,False,False
227,0.1379,1.5141,1.3816834577723836e-55,3.474235904580772e-18,False,7.717660694702629e-92,False,,False,False
228,1.355,0.3642,6.316616620522918e-32,9.514517076140552e-23,False,1.0492659199605706e-44,False,,False,False
229,0.5477,13.8291,3.5589278993174197e-45,1.7086844797077522e-09,False,1.9277874094304847e-104,False,,False,False
230,0.2514,0.5057,3.512219903790277e-47,3.255196428198308e-17,False,2.3836190981599616e-20,False,,False,False
231,0.0829,1.8887,1.8810728448048152e-47,9.035439984801535e-09,False,5.54310115937665e-106,False,,False,False
232,0.344,7.6863,1.6205923476152256e-43,1.1619448937277445e-10,False,7.189699844590935e-105,False,,False,False
233,0.1057,3.4826,4.811799868808566e-49,4.724127799082145e-13,False,8.247682201586191e-105,False,,False,False
234,0.0517,0.7795,1.5090500330859924e-47,1.5907599340094748e-20,False,5.0201533638268717e-107,False,,False,False
235,6.241,4.0392,1.7229506746808268e-23,4.330652175042879e-15,False,5.599348165021916e-17,False,,False,False
236,5.734,58.9584,1.930115873311888e-51,5.065891914686955e-12,False,4.782414405648197e-104,False,,False,False
237,0.0,0.0,1.1628560168238642e-56,6.373685824731255e-21,False,0.0001757987026704371,False,,False,False
238,0.1333,7.4144,1.3274215011000245e-43,3.104492703916098e-08,False,5.666309084119009e-105,False,,False,False
239,0.974,31.1726,9.929329327957516e-46,3.3088434739628664e-12,False,7.641992093738799e-105,False,,False,False
240,0.0845,2.1836,1.595097933251868e-62,6.470872684805353e-13,False,1.4007571847085518e-102,False,,False,False
241,0.0565,0.1404,5.914394555244176e-51,5.331103484313811e-25,False,4.2467584529361615e-13,False,,False,False
242,0.0,0.262,3.86458699131871e-66,6.28662674553067e-26,False,8.71334594370534e-189,False,,False,False
243,3.888,0.0,5.546320906788903e-27,1.0,False,6.797797723617114e-105,False,,False,False
244,0.2471,3.2701,1.1112792090150355e-35,1.0937797361265784e-21,False,7.647754923402342e-105,False,,False,False
245,0.0,0.274,7.593308124272911e-65,4.43316977884382e-24,False,1.268998859726467e-145,False,,False,False
246,0.0,1.2908,1.4314540750069465e-51,2.019558913927877e-15,False,2.394683025116935e-106,False,,False,False
247,0.0,0.0,4.478580152955858e-66,8.55169466138224e-22,False,7.169697863038862e-08,False,,False,False
248,1.564,1.5148,3.940661447099896e-30,1.0165594879129072e-19,False,0.5678933165718085,True,,False,False
249,0.4174,3.6755,4.5200443476014114e-48,9.359963231873726e-19,False,8.009569400400094e-98,False,,False,False
250,0.0,0.1444,4.3799079985069807e-57,7.337468928696099e-16,False,1.686581998719913e-79,False,,False,False
251,0.0,0.0,7.7750929585071e-66,1.0504760416139917e-27,False,5.066265870337633e-11,False,,False,False
252,0.1635,0.1927,6.568724174999409e-54,3.355305095373397e-28,False,0.10382081910129598,True,,False,False
253,0.0287,0.3759,5.5564094545078516e-49,4.5985489086505553e-23,False,5.479335807918113e-97,False,,False,False
254,0.1871,0.9542,4.612726229476427e-43,1.3163845223629532e-16,False,5.165284204248889e-73,False,,False,False
255,0.0399,2.0175,4.3622585179358165e-48,2.9462043393402858e-05,False,6.627837784800778e-109,False,,False,False
256,0.0,0.1348,1.2404748355708828e-62,1.2506575800770828e-08,False,3.372760987445422e-148,False,,False,False
257,1.296,2.1443,2.4471324346358544e-33,5.936389033225345e-14,False,1.0879516652760025e-22,False,,False,False
258,0.0858,3.7381,3.440706182640108e-59,0.0008043170724316381,False,9.693150197775274e-105,False,,False,False
259,0.0933,0.8334,2.5028842165248876e-50,5.827362235707446e-19,False,1.59771203827485e-101,False,,False,False
260,0.0,0.0322,6.0448715463968894e-61,8.354491166604439e-28,False,5.79493032765382e-07,False,,False,False
261,0.2614,9.1895,1.4932940896004447e-44,9.831528946971166e-07,False,6.401182614642525e-105,False,,False,False
262,0.0,1.9104,6.218899551444204e-54,5.018993932879698e-12,False,8.133988575908659e-128,False,,False,False
263,0.5381,47.786,1.3245143012662871e-45,1.331548873667846e-10,False,2.9811278343508356e-105,False,,False,False
264,0.1027,3.0553,2.1736187117350614e-44,6.853379681312247e-16,False,1.6128846715780337e-108,False,,False,False
265,0.0,0.0739,7.694783074094755e-67,5.702416867144024e-26,False,1.3438238986529355e-126,False,,False,False
266,0.282,16.7342,1.680189619071183e-54,1.136983925648156e-09,False,7.104802788144441e-105,False,,False,False
267,0.0412,0.4499,1.0495530662744446e-47,8.549944823197133e-27,False,1.1003914068823153e-92,False,,False,False
268,0.2568,0.0,8.61940005709455e-42,1.0,False,5.890627098855483e-99,False,,False,False
269,0.2285,7.4085,1.8491253596876344e-43,2.8671176317000633e-09,False,7.147730412672189e-105,False,,False,False
270,0.3797,1.0398,6.037269389168355e-47,4.937668052691431e-23,False,6.086679176329927e-42,False,,False,False
271,0.0,0.361,8.240906073721026e-65,1.2871276231874954e-14,False,3.8840693892829165e-75,False,,False,False
272,0.0,0.1826,3.853873924711394e-52,8.007502902518136e-24,False,6.94648042241824e-92,False,,False,False
273,0.0,1.2585,3.092229134702457e-56,7.890510732143526e-09,False,2.2086469137609056e-130,False,,False,False
274,0.0261,0.1335,4.146653965753095e-52,2.296520971167036e-27,False,2.43915519063484e-20,False,,False,False
275,0.0,0.1672,8.839910612198071e-63,2.2992941756571032e-24,False,1.4927123949836673e-43,False,,False,False
276,0.0,0.4771,1.1984368042610191e-59,5.832109025829181e-24,False,4.948309321754286e-127,False,,False,False
277,3.999,2.7909,1.586609893818045e-24,3.896932354171601e-13,False,4.210815088028734e-12,False,,False,False
278,0.5372,2.6985,1.0278878985536608e-34,3.95139929551138e-15,False,1.8997007361543095e-96,False,,False,False
279,0.0439,0.1982,5.397350511792505e-47,5.322666314909001e-26,False,9.321528147060847e-41,False,,False,False
280,0.0,0.3073,3.921376969115698e-55,2.4264055764834217e-18,False,1.56866204372928e-115,False,,False,False
281,0.0505,0.0824,5.6254934568748725e-43,1.382960069637458e-15,False,1.210801551190359e-14,False,,False,False
282,0.033,0.1127,5.3861285416484744e-55,4.273349629415839e-26,False,2.6761891726619422e-24,False,,False,False
283,0.2082,0.8418,1.8199150909396414e-48,2.084007112285675e-11,False,1.0556401623757073e-76,False,,False,False
284,0.0,0.0,4.689141988798327e-69,4.256745095409059e-27,False,0.25370051672132954,True,,False,False
285,0.0,0.1003,8.328182589120186e-56,2.3441526685458473e-11,False,2.8918420569022576e-50,False,,False,False
286,0.023,0.2641,1.9984258658659854e-51,1.668577099446275e-27,False,2.2536274235765426e-92,False,,False,False
287,2.947,3.7194,2.408212229150393e-23,1.60623141816019e-08,False,8.879898483868035e-12,False,,False,False
288,0.4696,0.9348,1.8779379842534844e-40,1.08370834945342e-26,False,1.6503450146559025e-27,False,,False,False
289,0.3457,8.7516,2.2666339052339444e-42,1.7509554890056154e-07,False,8.135927503993744e-105,False,,False,False
290,0.0,0.0355,3.740851737341837e-64,1.1222154784392898e-12,False,4.8476841396987163e-51,False,,False,False
291,0.0389,1.9505,6.187222194541833e-52,5.478869494270432e-06,False,1.3931943356019368e-105,False,,False,False
292,0.3999,5.2632,1.4734066033420744e-34,0.0003661241677710793,False,8.269124996753428e-105,False,,False,False
293,0.3077,1.4278,8.919148226002825e-47,6.834233867438928e-13,False,2.961392624515303e-56,False,,False,False
294,1.071,0.4744,2.144025824232484e-41,8.982463729795158e-15,False,1.6360411506968807e-22,False,,False,False
295,0.0517,1.6569,1.9967752892906467e-47,4.156503203205531e-18,False,2.194244911713826e-106,False,,False,False
296,0.0,0.0,2.064272068426057e-67,7.204452399295248e-28,False,0.5220247532941416,True,,False,False
297,0.0,0.5786,2.7037405972013667e-61,1.1950811102084391e-05,False,3.86398989667136e-123,False,,False,False
298,0.905,21.0197,3.086113909598319e-45,8.550894657084368e-10,False,7.961901419421438e-105,False,,False,False
299,0.0,1.1227,5.751431826072188e-61,3.876321828603596e-06,False,1.70169809924165e-174,False,,False,False
300,0.0705,8.2968,2.4287028852020273e-52,0.00013567123410308275,False,7.27553550071518e-116,False,,False,False
301,0.0669,4.2167,9.699303309164244e-48,1.1388323546027624e-11,False,5.130891634765591e-105,False,,False,False
302,0.0,0.2184,1.6538638205429e-69,8.4448653953644e-25,False,7.943412257716203e-130,False,,False,False
303,3.149,1.454,7.780727632487157e-28,3.3021005526660878e-22,False,2.011422604838494e-25,False,,False,False
304,0.9739,0.5039,1.6128891268861682e-31,4.0254936959904505e-20,False,9.757863946179431e-23,False,,False,False
305,0.1465,7.5281,3.739010811379e-49,2.973585811112403e-13,False,7.570389482866621e-105,False,,False,False
306,0.11,0.3616,2.1230770945404844e-50,6.160488916483475e-14,False,2.7764185252342883e-56,False,,False,False
307,0.0741,0.1057,1.3743833441724976e-47,1.5219481535975298e-27,False,1.3929183018333873e-05,False,,False,False
308,9.844,17.6303,2.335877301320472e-21,1.516326943311852e-11,False,8.713184192299594e-67,False,,False,False
309,0.3869,2.6481,8.140551209213752e-41,6.306455372820122e-22,False,7.442172372726565e-87,False,,False,False
310,0.0,0.0762,4.2273005977998563e-66,1.7340210147345134e-07,False,5.3450784714955395e-136,False,,False,False
311,0.0,0.0992,8.002357405285696e-61,8.919734461434316e-22,False,2.038929195019975e-104,False,,False,False
312,0.0092,0.4342,2.0833756030918122e-53,1.1409280140550267e-22,False,5.835613378303678e-112,False,,False,False
313,0.3334,0.9256,1.8626439813283977e-55,2.1839534046774367e-25,False,2.5674537969104382e-39,False,,False,False
314,0.014,0.5156,1.456903074014481e-50,4.416102621818314e-18,False,4.904378263202086e-112,False,,False,False
315,0.0693,0.1985,1.1534801970901917e-50,1.6838523153570368e-07,False,8.627867388713285e-22,False,,False,False
316,0.6199,2.317,4.9163120806747543e-29,3.9629632119006975e-13,False,1.3497434338374423e-85,False,,False,False
317,0.1078,3.8258,1.3775672158939904e-40,8.587811006909949e-21,False,6.408147937931057e-105,False,,False,False
318,0.0862,3.2269,2.9488605441356225e-43,3.8281433726256604e-22,False,5.8565259564115745e-105,False,,False,False
319,1.638,2.1062,1.3218291152028557e-41,1.6217932377874874e-13,False,1.6740689625504294e-05,False,,False,False
320,0.5272,17.8214,4.2018273412524505e-43,3.894228068268606e-12,False,7.60051962951269e-105,False,,False,False
321,0.0225,0.0673,1.699231783149195e-56,7.584207135960426e-27,False,4.206327905126256e-13,False,,False,False
322,0.0266,0.1719,2.4377080720504258e-51,1.0698644055077533e-27,False,3.08126468915565e-51,False,,False,False
323,0.0667,4.9262,9.722351217645482e-48,1.1618316386862617e-11,False,9.482074294163986e-103,False,,False,False
324,4.848,3.4228,1.7610275107366478e-43,4.617150870370555e-16,False,1.216210050337678e-07,False,,False,False
325,0.0,0.2705,3.861130082382477e-68,2.262405237575515e-27,False,1.4993453312099785e-146,False,,False,False
326,0.0,0.3609,1.4317653441384994e-55,2.7012645026163598e-20,False,3.531854744426833e-123,False,,False,False
327,0.0,3.1932,5.215686929101787e-57,1.1498929512336886e-13,False,9.738637408642353e-131,False,,False,False
328,0.2905,0.4882,8.39141207893218e-35,5.805323073661739e-27,False,2.1929247688107985e-18,False,,False,False
329,0.0,0.087,6.881999225714013e-52,5.924103223403428e-27,False,1.416840128015541e-24,False,,False,False
330,0.0,0.5715,3.7306021330002266e-51,3.3240572812407007e-18,False,9.785310573399381e-60,False,,False,False
331,0.3254,6.6,1.0676207257882465e-42,2.3957960844702034e-10,False,9.00533649028743e-105,False,,False,False
332,1.115,3.292,1.5332706736294757e-30,1.2324647737374874e-17,False,2.1311830861640638e-76,False,,False,False
333,0.0559,0.7074,7.851798396262527e-45,6.566248554126608e-11,False,3.1486728780408953e-104,False,,False,False
334,0.0,1.0254,7.636004783310067e-58,1.5432404538320202e-07,False,3.242961012950691e-116,False,,False,False
335,0.3598,7.3302,7.341053764701567e-53,7.871502186089648e-07,False,4.088305636057033e-102,False,,False,False
336,0.2042,1.2209,5.064965018132025e-50,1.783967122306474e-13,False,5.211592161941085e-100,False,,False,False
337,0.0,0.1034,3.909548400911642e-57,1.1283518548867015e-21,False,4.657972943874924e-79,False,,False,False
338,0.0,0.7191,1.9091320403035302e-50,8.45727718044097e-24,False,1.2035820810671086e-108,False,,False,False
339,0.0486,1.1615,4.068615167985985e-61,1.926012794011514e-11,False,3.1630524965354242e-84,False,,False,False
340,0.0,0.341,4.633450645874473e-68,7.617348713970013e-08,False,8.363981312791549e-233,False,,False,False
341,0.0272,2.3593,3.270825257424764e-50,4.148730557251386e-09,False,5.485031664161906e-107,False,,False,False
342,0.205,0.4474,1.636427598539239e-63,4.600229819896407e-25,False,9.752601997415667e-33,False,,False,False
343,0.1479,0.3918,4.711933771771986e-39,3.450410291886113e-22,False,1.1398084364442415e-39,False,,False,False
344,0.1382,1.4949,6.161391854201513e-61,1.950553325463701e-21,False,1.464294387959385e-98,False,,False,False
345,1.434,26.2005,9.892283461702038e-30,9.745976053082452e-14,False,7.600091269787346e-105,False,,False,False
346,0.0,0.5051,9.380395690913005e-55,5.375604906114018e-08,False,1.3596692404653215e-105,False,,False,False
347,0.1188,0.2821,7.00130508827962e-41,4.427392450508645e-21,False,1.3478794681976478e-30,False,,False,False
348,0.1016,11.7932,4.270013823904905e-53,0.0007533205273381685,False,3.329408577691581e-106,False,,False,False
349,0.0,0.1699,3.3997949340393827e-57,4.9918954551869685e-15,False,4.641324034841497e-61,False,,False,False
350,0.0,0.0,2.290587007747617e-65,5.93039950563058e-25,False,4.612903771270953e-22,False,,False,False
351,0.0,0.0,7.095258427693763e-70,2.9549633081532697e-17,False,2.0292043384809962e-66,False,,False,False
352,0.0,0.277,2.790509622284817e-57,1.1497672760546547e-09,False,4.835968153672194e-42,False,,False,False
353,0.0597,0.3546,3.935942232798401e-60,7.634150505071644e-19,False,1.8326845548779555e-73,False,,False,False
354,0.4304,2.4651,3.449105574496569e-39,1.0628902889554588e-18,False,2.058183506550672e-96,False,,False,False
355,2.146,6.2279,4.861009856560473e-33,7.676993441760699e-09,False,3.9678462191238116e-63,False,,False,False
356,0.5969,0.4429,2.370784652049958e-53,5.574872220623578e-19,False,0.030877211455116946,False,,False,False
357,0.5422,0.0,9.375415400812593e-50,1.0,False,1.8693637813071611e-94,False,,False,False
358,0.0,2.0531,7.868642945152429e-55,4.0565195778520094e-10,False,6.221687503085092e-132,False,,False,False
359,0.0352,0.6254,5.487932825704586e-65,2.3103439819767812e-27,False,2.6037120771785635e-101,False,,False,False
360,0.0,0.2017,2.43483927005405e-69,4.912573678466644e-26,False,4.213478332023483e-253,False,,False,False
361,0.0,0.0,1.0,7.253214015508968e-26,False,2.5072072259816187e-30,False,,False,False
362,2.794,3.2471,6.055926553353548e-28,3.7685529585028914e-15,False,5.957077708047655e-07,False,,False,False
363,0.0363,0.2088,3.5711026565998396e-52,3.756348367415507e-20,False,1.5332891198208643e-51,False,,False,False
364,0.1876,0.195,1.706514449863907e-52,2.2361827210555306e-22,False,0.4441885110074668,True,,False,False
365,0.0365,0.5365,1.389673050824379e-42,1.8083502637226025e-21,False,6.072097225485136e-100,False,,False,False
366,0.0643,0.2913,1.1326640525609936e-44,2.7607111496073027e-21,False,4.9364127085321384e-51,False,,False,False
367,0.0529,2.2925,1.1959235155123163e-48,3.8402860668269904e-09,False,5.403529271643875e-105,False,,False,False
368,0.1261,0.5703,5.421743666703023e-58,1.5403566920452197e-21,False,4.603078229706607e-49,False,,False,False
369,0.0169,0.6725,2.0286124734102772e-52,6.042963792360609e-12,False,6.89007431286968e-112,False,,False,False
370,0.0414,0.0918,2.231202106934339e-56,2.1768921671812274e-16,False,5.951475621063514e-15,False,,False,False
371,0.2011,3.7776,1.4317872621494548e-35,4.378999260748747e-10,False,5.547607462323385e-105,False,,False,False
372,0.0,0.0,3.125042188044899e-56,2.7175786832100963e-27,False,3.1717870357095837e-13,False,,False,False
373,0.0618,0.7473,1.2520893444691356e-44,6.446971288302253e-08,False,8.383602241312938e-91,False,,False,False
374,0.0341,0.5015,1.729877666475168e-47,1.0425561898875605e-25,False,6.640397220615963e-95,False,,False,False
375,2.018,5.7244,8.71876227707198e-42,1.1481153455739382e-14,False,1.6080331987240213e-79,False,,False,False
376,0.4723,2.9497,7.9929399418847905e-28,2.1012714362076783e-15,False,2.0599976516873883e-103,False,,False,False
377,0.0319,2.3526,3.6755508607821694e-51,4.6379925506361955e-05,False,5.571005042772778e-108,False,,False,False
378,0.0293,0.1327,2.469499237530647e-52,2.5051676070153937e-25,False,6.123503887110658e-34,False,,False,False
379,0.0,0.0565,1.1116692445200268e-65,3.1117158953691837e-21,False,6.156759265206894e-97,False,,False,False
380,0.6389,0.1388,2.9315179850957395e-39,3.180061984979939e-18,False,5.1520094469097966e-36,False,,False,False
381,0.0719,0.2512,5.223251491904464e-48,1.2699407621583367e-27,False,2.935966175576642e-25,False,,False,False
382,0.0,1.0761,8.118987862563614e-55,5.09403399377776e-13,False,2.617957565501697e-113,False,,False,False
383,0.0,0.0,6.238614981615808e-72,2.9657624524704644e-24,False,7.065013426357584e-45,False,,False,False
384,0.0,0.1703,9.345779085582923e-61,6.448955234056533e-28,False,1.974854449144615e-131,False,,False,False
385,0.0,0.0,1.2274524971372487e-62,8.781835183127051e-24,False,0.4977003500905045,True,,False,False
386,0.3139,1.5123,1.2909703178851715e-38,1.318697088224183e-25,False,5.499066689632223e-91,False,,False,False
387,0.0,0.7547,3.1896569765922114e-53,4.2580685930069854e-18,False,1.7874903730712883e-103,False,,False,False
388,0.8011,2.1606,3.072431723570663e-54,9.044151874399765e-27,False,6.621010421177654e-65,False,,False,False
389,0.0,0.0921,3.59456888145243e-52,1.219932552299033e-20,False,3.8513318633250464e-10,False,,False,False
390,0.7111,1.3719,5.8690043536975735e-30,1.1408669761387838e-10,False,6.447450698565407e-50,False,,False,False
391,0.0,0.9468,3.5941919862006314e-66,5.438659619803552e-21,False,9.658350229406331e-84,False,,False,False
392,0.0,0.1607,4.000193143995736e-62,1.0355414734138186e-24,False,4.068340867195156e-79,False,,False,False
393,0.0644,0.3295,4.43963287943728e-50,2.2594781856253242e-15,False,9.444511407484201e-59,False,,False,False
394,0.0,2.1589,3.890013510186543e-51,1.85496576827896e-27,False,2.5024250689363338e-123,False,,False,False
395,0.0826,1.1753,9.763974747155879e-54,4.139496643575793e-07,False,3.1838489044098915e-99,False,,False,False
396,0.0767,4.423,4.449362386784759e-46,1.8633998601980257e-08,False,5.404790424115592e-105,False,,False,False
397,0.1337,1.1502,8.905179842799104e-49,1.2465113613812571e-23,False,1.4983861591117335e-94,False,,False,False
398,0.2739,1.9855,2.617562658247282e-45,2.6625515068722605e-22,False,5.028554028091226e-103,False,,False,False
399,0.0807,1.4065,4.948964635113502e-47,9.39669015310666e-09,False,5.840428552005903e-103,False,,False,False
400,0.1135,0.2301,1.0363492432984488e-43,7.627555431632825e-28,False,2.3518700153514068e-11,False,,False,False
401,0.1063,5.5624,2.952413073922768e-45,6.308249967047596e-23,False,6.8611636681883115e-105,False,,False,False
402,0.0,2.2686,6.050587798592548e-54,6.551053448223622e-25,False,9.427994296122813e-114,False,,False,False
403,0.0,0.0,1.3142693331990927e-70,3.056719221437228e-20,False,5.710136368950206e-59,False,,False,False
404,0.0,0.0,1.2177997564720925e-69,3.928900673915391e-22,False,6.460538605480696e-31,False,,False,False
405,0.0,0.0358,5.788509877964514e-65,1.3415309118603192e-25,False,5.797032102755853e-61,False,,False,False
406,0.0,0.0847,1.852388697449993e-60,8.97163956131488e-26,False,4.771986794750035e-86,False,,False,False
407,0.0623,3.9974,1.872364025958218e-50,1.0871994408951448e-11,False,7.190047659111153e-115,False,,False,False
408,0.0187,0.8956,2.7085653223422203e-56,7.931011201708878e-09,False,1.675735844695423e-113,False,,False,False
409,0.0,0.3391,7.891233832599448e-56,1.8701759172183926e-26,False,9.58002396212063e-116,False,,False,False
410,0.0,0.2592,3.068097984646694e-60,6.939404894635095e-13,False,3.829767059652662e-139,False,,False,False
411,0.0824,0.2689,4.663513128262444e-38,7.338450378555382e-27,False,6.573506927738733e-53,False,,False,False
412,0.0,0.0,6.244425211063371e-51,2.0792936813948414e-18,False,0.9444462604536279,True,,False,False
413,0.0746,0.8137,1.0362252587307937e-57,1.98740406531289e-18,False,6.1053668241201516e-71,False,,False,False
414,0.0,0.1342,2.794058317205728e-66,1.0965140391923674e-13,False,8.122094271618697e-120,False,,False,False
415,2.108,22.1136,1.3990958602182628e-44,4.7173587147107986e-12,False,1.2522244057920469e-102,False,,False,False
416,0.9724,2.3224,7.882598956635279e-37,2.9626634886321027e-12,False,6.474743688281845e-49,False,,False,False
417,0.0914,0.3409,2.5750231043324343e-47,1.8274831868134562e-26,False,5.872569901569892e-32,False,,False,False
418,20.69,11.696,1.499914113458926e-19,4.154355536883702e-07,False,5.389975104014927e-25,False,,False,False
419,0.0,0.1191,1.4662056096517932e-55,3.6767395098150616e-11,False,2.1625000540285102e-38,False,,False,False
420,0.1794,1.151,1.422025731516329e-39,3.4017309130824584e-10,False,4.219383701652499e-89,False,,False,False
421,0.0,0.6046,2.780842089688753e-56,2.5513213511246685e-05,False,4.833431250937855e-125,False,,False,False
422,0.8172,9.256,1.7865423174532178e-37,1.337665659542567e-14,False,7.884908261472237e-90,False,,False,False
423,0.2149,10.7662,7.940911848130212e-44,9.485004572964788e-10,False,1.4142616490715218e-106,False,,False,False
424,20.18,0.0,3.904008384246509e-25,1.0,False,6.797580932054363e-105,False,,False,False
425,0.0599,0.6006,1.4285906006378064e-55,2.4572329565385607e-09,False,8.609688677833743e-97,False,,False,False
426,3.537,3.7313,3.496422572060803e-19,3.2455089837682878e-09,False,0.004493116131109677,False,,False,False
427,0.0,0.0621,3.429298237366571e-58,4.209702039599813e-28,False,1.12473392929973e-29,False,,False,False
428,0.0,1.1468,4.746095758405262e-58,1.5339503456666168e-14,False,3.2884079126811834e-147,False,,False,False
429,1.485,6.2292,1.5619062183607713e-33,8.635690082745883e-06,False,7.826115266384924e-96,False,,False,False
430,0.9107,1.7997,4.549290500030376e-44,4.852031161577517e-16,False,1.368980282936862e-11,False,,False,False
431,0.4516,3.6469,2.503945507356374e-43,9.240357592926152e-13,False,3.750735822236991e-102,False,,False,False
432,0.0,0.3043,1.2437806485084654e-60,4.866916702388898e-27,False,9.199313300301266e-17,False,,False,False
433,1.42,0.6103,3.090252059452055e-29,1.0232743061720539e-11,False,3.2803888676737545e-17,False,,False,False
434,0.1104,0.0778,3.30449587708648e-47,1.171818949438248e-15,False,0.0011579106095714233,False,,False,False
435,0.5879,0.4666,2.387165127746853e-68,1.0093334030400917e-16,False,0.0027410067856728886,False,,False,False
436,0.2369,1.9653,2.3455547993678173e-42,2.4928165182244083e-06,False,8.941383792045967e-101,False,,False,False
437,0.4985,0.1843,3.762429851225252e-51,1.1536321688816816e-14,False,6.20745770514724e-36,False,,False,False
438,0.0,0.0885,2.778912940960076e-56,9.460373120748144e-22,False,9.791317257573146e-47,False,,False,False
439,0.8689,2.2666,5.241388330206771e-35,2.0526925254172892e-12,False,3.271086128752801e-32,False,,False,False
440,0.0,0.4044,4.114640544108204e-67,8.094835982990289e-14,False,4.841297493407901e-231,False,,False,False
441,0.0,0.0,2.686218766878219e-67,1.1861211739508863e-20,False,3.9761215307453627e-25,False,,False,False
442,0.1051,0.3957,9.94190886169876e-38,3.177937876204935e-16,False,1.2837903163082547e-45,False,,False,False
443,0.1036,0.3264,3.31097153993531e-39,7.057320709809875e-14,False,5.177766130839482e-68,False,,False,False
444,0.1349,1.3741,1.7399034627480057e-41,2.8330291078847004e-19,False,3.088960936140209e-98,False,,False,False
445,0.0,0.0,1.8860328230171812e-51,2.8593465326460435e-27,False,2.3276734368126252e-20,False,,False,False
446,0.5805,7.0077,2.5567584614575062e-45,1.2529024252583367e-08,False,2.849720042968748e-104,False,,False,False
447,0.0,0.0,1.2079178435650976e-64,1.2221781755545639e-18,False,1.437305851292468e-19,False,,False,False
448,0.0753,0.3519,8.020304369837503e-44,8.315927769375039e-26,False,5.8359219845324544e-68,False,,False,False
449,0.1586,0.2889,1.1697600370803469e-46,1.3179178324130003e-20,False,2.351288202192916e-07,False,,False,False
450,0.2662,4.0073,1.7198088995027396e-40,6.375027408929507e-19,False,2.914730877248849e-104,False,,False,False
451,0.3538,2.2407,2.1607472958715203e-55,0.030735338183868352,False,3.962878699068387e-90,False,,False,False
452,0.0,0.0,4.674201927095504e-67,4.5867155945252214e-23,False,5.400881284372577e-16,False,,False,False
453,1.03,3.1733,5.504911699022507e-41,9.61102727521103e-16,False,1.9272815805104195e-36,False,,False,False
454,0.1017,0.7186,1.539682981431475e-56,9.712043743940733e-23,False,2.842722391773001e-63,False,,False,False
455,0.0391,0.0,3.1845903035904913e-52,1.4517266243879664e-20,False,0.01418982873508151,False,,False,False
